<?xml version="1.0" encoding="utf-8" ?>
<dwsync>
<file name="paypal.nvp.callback.php" server="angelleye.com/www/" local="129161144240000000" remote="129190510800000000" />
<file name="paypal.nvp.callback.php" server="S:/sandbox.angelleye.com/" local="129161144240000000" remote="129161144240000000" />
<file name="config.php" server="S:/sandbox.angelleye.com/" local="129190538150000000" remote="129190538150000000" />
<file name="config.php" server="angelleye.com/www/" local="129190529910000000" remote="129190529400000000" />
<file name="config.php" server="ftp3.ftptoyoursite.com/www.angelleye.com/web/content/" local="129275505848522500" remote="129276190800000000" />
<file name="paypal.nvp.callback.php" server="ftp3.ftptoyoursite.com/www.angelleye.com/web/content/" local="129275505849928750" remote="129276190800000000" />
<file name="config.php" server="216.70.124.41//httpdocs/" local="129275505848522500" remote="129281391600000000" />
<file name="paypal.nvp.callback.php" server="216.70.124.41//httpdocs/" local="129275505849928750" remote="129281391600000000" />
<file name="config.php" server="ftp.angelleye.com/www.angelleye.com/web/content/" local="129437344156250000" remote="129437344200000000" />
<file name="config.php" server="sandbox.angelleye.com//httpdocs/" local="129344183391567500" remote="129357230400000000" />
<file name="config.php" server="64.207.146.233/angelleye/" local="129437344156250000" remote="129481687200000000" />
<file name="paypal.nvp.callback.php" server="64.207.146.233/angelleye/" local="129371711175348750" remote="129481687200000000" />
<file name="config.php" server="sandbox.angelleye.com/angelleye/" local="129644483274811812" remote="129649513200000000" />
<file name="paypal.class.php" server="sandbox.angelleye.com/angelleye/" local="129649477223034319" remote="129649513200000000" />
<file name="paypal.nvp.callback.php" server="sandbox.angelleye.com/angelleye/" local="129577649640985434" remote="129649513200000000" />
</dwsync>